"idQuestion","texte","datePublication"
1,"Nous proposons des studios, appartements une chambre et des maisons entières, selon vos besoins.","2024-01-19"
2,"Certains de nos logements haut de gamme offrent des services de conciergerie pour répondre à vos besoins spécifiques.","2024-02-01"
3,"Les animaux de compagnie sont autorisés dans certains de nos logements, avec des conditions spécifiques.","2023-07-31"
4,"Nous disposons d'une ligne d'assistance disponible 24h/24 pour tout problème ou urgence.","2023-06-10"
4,"Vous pouvez également nous contacter via l'application mobile pour une assistance rapide.","2023-06-10"
5,"Certains de nos logements sont spécialement aménagés pour les personnes à mobilité réduite.","2023-03-28"
5,"Chaque logement est équipé selon des standards de qualité élevés.","2023-03-28"
5,"Nous assurons un service client disponible 24/7 pour nos locations.","2023-03-28"
6,"Le check-in standard est à 15h et le check-out à 11h, mais des arrangements flexibles peuvent être possibles.","2024-02-01"
6,"Chaque logement est équipé selon des standards de qualité élevés.","2024-02-01"
6,"Nous assurons un service client disponible 24/7 pour nos locations.","2024-02-01"
7,"Nos logements sont équipés de WiFi, cuisine complète, linge de maison et produits de base.","2023-05-03"
7,"La plupart des logements disposent également de télévision et de climatisation.","2023-05-03"
7,"Chaque logement est équipé selon des standards de qualité élevés.","2023-05-03"
8,"Les animaux de compagnie sont autorisés dans certains de nos logements, avec des conditions spécifiques.","2023-07-31"
9,"Oui, nous fournissons des guides locaux et des recommandations personnalisées pour des activités et des restaurants dans la région.","2024-02-01"
10,"Vous pouvez vérifier les disponibilités et réserver directement sur notre site web ou via nos partenaires de réservation.","2023-04-23"
11,"Nous proposons des studios, appartements une chambre et des maisons entières, selon vos besoins.","2024-01-19"
11,"Chaque logement est équipé selon des standards de qualité élevés.","2024-01-19"
11,"Nous assurons un service client disponible 24/7 pour nos locations.","2024-01-19"
12,"Pour les longs séjours, nous offrons des appartements de plusieurs chambres et des maisons spacieuses adaptées à vos besoins prolongés.","2024-02-01"
13,"Oui, nous proposons parfois des réductions pour les réservations de dernière minute, en fonction de la disponibilité.","2023-11-01"
13,"Nous sommes dédiés à fournir un service de qualité.","2023-11-01"
13,"Pour plus d'informations, contactez notre service client.","2023-11-01"
14,"Une assurance dommage est incluse dans la location, couvrant les accidents mineurs.","2024-02-01"
14,"Chaque logement est équipé selon des standards de qualité élevés.","2024-02-01"
14,"Nous assurons un service client disponible 24/7 pour nos locations.","2024-02-01"
15,"Les locataires doivent avoir au moins 18 ans pour réserver un logement.","2023-05-20"
15,"Chaque logement est équipé selon des standards de qualité élevés.","2023-05-20"
15,"Nous assurons un service client disponible 24/7 pour nos locations.","2023-05-20"
16,"Les modifications de réservation peuvent être effectuées via notre site web ou en contactant notre service client.","2024-06-02"
17,"Certains de nos logements sont équipés pour accueillir les familles avec de jeunes enfants, incluant des lits bébés et des chaises hautes.","2023-01-04"
18,"Les annulations sont possibles jusqu'à 24 heures avant l'arrivée sans frais supplémentaires.","2023-08-15"
18,"En cas d'annulation moins de 24 heures avant l'arrivée, une nuitée peut être facturée.","2023-08-15"
18,"Pour des séjours plus longs, une politique d'annulation plus stricte peut s'appliquer.","2023-08-15"
19,"Une facture peut être générée et envoyée par e-mail après votre départ.","2023-11-12"
20,"Tous nos logements sont non-fumeurs pour garantir la qualité de l'air pour tous les locataires.","2023-10-30"
20,"Chaque logement est équipé selon des standards de qualité élevés.","2023-10-30"
20,"Nous assurons un service client disponible 24/7 pour nos locations.","2023-10-30"
