user,password
toto450,Dc;=6a*n&&
user880,Zjkl98%YBJ
demo971,h^xiZ+}?_'
max955,^+$U^\E]Co
user139,wOxA)UabBK
max488,{b=:vz1'~]
the_flo52,"deN""5_]!JK"
user196,>?D-0a__Z*
user243,_V<1xarzOh
demo629,UqB)6_<NG
the_flo474,"te5b""a]~@k"
sample536,"@goL-q9[="""
test884,{3}1u'Wq`)
user23,&d'b6*-$oz
max555,}%]e<E$$E(
user149,DGILA)xlXG
test685,YTRdt4kwkQ
sample518,3WTA_6.u*z
demo28,vk(~/1M&2t
sample789,hefy_TQ!Z^
toto664,"&oi+kB&""/s"
user274,4c<EifoBMX
the_flo703,|qolFe7;z}
sample100,CfP#C_gZc(
test309,1j~;Z3/re{
test6,5jRT{_]Tc\
the_flo45,lHog33C0$b
user855,"l1A-7""]R9."
max306,cH@1wlx-\H
user81,SFqp-2l(&t
toto67,OfL%?*Dv4;
test394,c?yNCRvfj
max5,"pY""J`woh.B"
the_flo74,5Xit`d5oWd
sample94,f:PNH2O[Ee
max411,5cg9T|XN/S
toto629,?b\E5YkAaU
sample288,U>}Fib%/p
toto499,*tm]e6TD{'
user544,G*LCJY~dae
sample295,ZLxZm##wkh
test496,Ds:M<z2U)>
the_flo734,;nzGv-0W$
max739,1okPKWO.g
user396,=6;Gq4+gXI
user621,35j3?|;2Lc
user840,>pgC843)K+
demo660,%m&)bM/l#O
test160,A!g^yUwz[J
toto41,McQb`7C_+?
the_flo122,gY\?^|f8!A
toto399,Whx`%G7~Xe
sample996,"""Aan82k#+g"
user924,n:4ns[[h:`
toto70,VT%O+k<CDm
user614,qCr%(1zyoX
demo787,}u}/.l'*1t
sample562,"R=s'(""2=G"
sample835,RRWh6s^De3
max368,SiQx`US5{>
demo806,e}ZHPvj-`6
user873,^O`=M<<MaR
demo882,}`sdNc')>w
sample768,6ITz!}%O>7
max778,M_qNTfyn>
user804,Q8n6U|Dt3
max63,"dgo""}ktGzX"
sample77,OHj^0ZO{XL
demo89,3=~hoU'Q~h
user155,lZ+3[D7<G\
user196,F!oL)d:Ae6
demo618,PR]5e]ztGs
test339,+I@4(jjPcm
the_flo989,N*^UKh>iYZ
sample305,H:Krl/L3C6
user496,)_/\oC5/sn
toto167,DP@8K{QyFs
test230,'#kV)GMX8Z
user47,OmB<tW*e[y
user215,$ZtOVQ<vO{
sample990,#}Yx0Qlo>`
demo756,ubrww!4om%
toto551,4u@#Ul0+BJ
test521,*~X2~UO:&v
the_flo891,jC:SGm._z$
the_flo387,pQ@[$J=fa1
sample899,V6ie}pl/\b
the_flo850,'A@H:/WP'h
the_flo819,eT@CPE37f<
test933,v_Po\Z^;in
test132,=yZ)FC3rR[
demo7,{1FiB^N+ah
max850,9Dn1h?=(z^
the_flo641,ja48/04k}R
demo912,0+l:8o*k1B
toto703,7v&p~9>i
sample727,ue5sg<Mac
user529,AeZteE7vE
sample319,>VtG@&6~wp
max535,lr9s\4[|;
toto483,?|lQP0{Ih|
sample482,$'ZguO2k%L
toto243,VnH5V<eFGk
max254,N2v0WuAxUB
test872,6y:*lK5{A1
max361,"=D#`""6j""lJ"
test182,B{b8=&(i59
user969,|#RQ~m-+Fk
test701,du^!XV:TU
demo462,"qyc/""..\a`"
demo677,#zF+rES.2S
test803,'/Jo3^}ODH
toto840,8R0$6{g'h5
the_flo814,"P""-LBAI<vi"
toto637,c5ULS0Ik!(
sample342,dgo\A3<c!/
demo301,{3.WHLB~&1
demo431,N2_t~~Uq[w
user182,'/(g?Y?:2<
sample516,Sw'|SNo#W(
max106,~_XCM]fi[
toto10,a{j0lLUacy
the_flo835,nR&Dd-:+Xo
max214,f1eR[pP#E]
toto28,JNk4*qp`XJ
sample712,8leX(/fSdU
user478,"X{om>C!""x}"
sample385,-l-&0dktW
test53,ez6QS[)ieh
user316,"W&""i-Mauq)"
the_flo161,O*>=Jv5Kh{
the_flo519,"9Cf+""Jc4Ni"
the_flo122,v~O:%V;?)J
sample370,Nnuh./Y<%v
user355,^=MCyy\O9~
max153,`\tca$U<QQ
max496,o;$uses;$
sample601,DP2'ZC$-LS
max20,>DQHQ:*~jX
demo809,$AsN7m(0T}
toto893,-'boBZ<u4L
the_flo590,l7By&hW&1x
the_flo493,6M-[FAXkt
demo687,$80##]9[CZ
max140,x?zHWh4G=
max638,C^y?R9Qcm
max187,"*go""QaB;W"
sample510,[r2Qt*tb@u
demo97,fU-#|k]G]1
test609,T+&jt2p:Cw
demo427,5EO{E#bTF-
demo732,%C+7vUvs/_
sample166,)Ox##>D[Zr
sample887,*d3MhVTwy1
toto126,Z+siU\i.)s
toto265,+&3U^an#P3
user783,5$tQ2sUUj<
max127,V!k#~\kVs
user115,%%e(5km.%E
user23,'?^MJ&F5v
max788,!G=ij\#^O5
toto518,VdPO)-}c)m
demo410,{]$?&K5HXU
the_flo393,A+/v/Cko{e
max477,h/]<2v^*=#
user897,p'K\mJC*U)
user491,A//J>hl-Q\
user368,kIZaf8NGI^
the_flo231,*ibCD5C8^p
toto335,..kKl<`#y
test761,9{^&k>q&W
max757,9@lMDonR|B
toto150,h{7(k4Z_WS
test659,"tA+Cn""|NX]"
the_flo938,$.ZfwDy|o2
test924,*5b+-qj?+X
user475,h!=:.A+ZhQ
max908,5#mrGh64Sv
toto137,&~qD$hap\t
demo720,wKWUAZ<4SP
max840,>BQV#:Y%X
sample192,x7Z^R5~:'Y
max150,Uq=r.O)i(*
the_flo655,$5a4L#^h/H
sample363,yK!n)S827>
demo406,0o'J)KEl-F
max193,:^Xe<\?o*D
sample35,d4zn.bA012
toto859,af3CG{s@8[
test97,"<tanY]a~""T"
sample703,{v[Z/S%TCj
demo747,U|]k<iAC
the_flo465,"2o2B""{yv6:"
demo444,/jw'^vt1Ys
user438,Kd+[E?Y@=j
test326,xZA|X@z([S
user590,^=3oBL2Dl2
sample304,gE\_F.uu@q
sample700,t&n'16;IZe
demo317,^~(.#hJ.14
toto246,3~^cO94?Q*
toto576,6anKCmI\.S
max888,qAw0\'I_E+
demo338,G@No~S><;_
test865,ytUhG^xvEX
the_flo995,vDN!j|L8m
test434,Q}ISd~s4|(
max558,xXH_kBhYe*
demo36,Oh\<I$a=jN
user938,heg?56oz34
demo949,;5_wZx{d78
the_flo612,"""y%A#1:7%-"
user691,Ab5qigvFDo
max6,K+/DS#P:tY
max231,~)%blW3<Kr
demo513,Y~m;(E_ED8
test435,C>ZBS.?bEk
max577,|Qv^G0@\Ey
the_flo166,_WiWRj{JRG
the_flo187,*wcRXw7k4q
sample325,^orhd:d^X}
the_flo558,Sx40Z3Qy$6
toto556,D4^SA@Q72`
max894,"LNB""u;7u%E"
test315,.nmb^16fes
the_flo104,Q1f~zO9rFl
the_flo520,/PvE{*$s%m
test308,qI'y@YGnys
the_flo140,!1l(`bJ.PB
the_flo857,OS~STJuH{;
test660,"J""`(JK=mI9"
test18,}L!E}8:KjG
demo977,unh+\S^[?
sample724,}fbOH)f*<_
demo303,5>]yTu$*d8
test874,&-Jt^R3r4&
test327,"_5@"")T-Hc'"
the_flo347,[oa}z(lXE
demo700,e{Z`wp>ByB
test487,T}q=~vmfi~
test122,"BteO>m(m""#"
test206,4caL;C&^$t
sample799,"3""bGA2[U$/"
demo827,)qu1J$#JT*
the_flo234,tm~|]Q&](`
toto467,b{:2`KC|4P
test859,^`^/Kb{Gn
sample197,#JO9`;JU
user336,sUo'Uv*-h{
max398,j@}#@1Vz#4
user910,Eo}b2EpGA:
test173,%du.@.Vk1+
the_flo592,#E9/M_N)f_
user854,j(viN#=:Sj
toto271,srkjn1[vq:
test925,Rf-otCWkaV
user46,D#o?=5}N1U
test794,:F(d_61+Bo
toto672,quEy6Se.Q8
sample149,y&0<A7Rtq*
test195,_[TeB9Mg9P
the_flo166,;8{h|pALOr
the_flo933,-wvZ_eq5AJ
the_flo89,Y]W(8+`JUo
demo951,B:z?6eA%Kz
demo58,K+z+_!bzMa
test753,MUp;m6EL]h
demo700,KdZqgU=v
user227,")""Kca""F(.r"
user245,23#x'yco'.
max258,g^MG9kcekM
sample851,Nu+IP%CV
test812,y-jAY_Fh=
sample411,&xvfd6}}w%
demo432,oZKq<vw\7*
sample555,;Vvaz/kMxp
the_flo174,A'*ci*1kKE
sample729,nu/'VFW$9T
test841,(~dj):/d>Q
sample863,wj7h+$q2NN
max579,";*hx}""QFF8"
max786,"ogC""P0!n_p"
the_flo967,->%(*&2GN
the_flo723,yB!qT?MUS-
the_flo915,bc-<kHm06V
toto290,/'?pCb#{Hd
sample442,hSdmE)l.x{
user943,^h$TtC'u_/
user530,15dB7mP^-
demo918,8;F)'czc_1
toto966,uUJ#UF0r~'
the_flo933,<EkY+.x5v
demo726,<hef21}:/>
test334,gi&eOh~Ut
the_flo948,Z<&K3IH:U~
sample147,~d-PR(GkWG
user660,mgh~bv9Sx
toto630,eYudIqIF<w
sample299,/W><]>/MR&
demo775,q}%yV}a7>1
toto58,Gh3]zo;VD-
max943,dhrJNKRRQ'
sample53,~/Y;#Dy{B)
max753,W>q*PqiWqh
the_flo846,{g*t)dc.-Z
demo375,4uC$YLj^06
the_flo534,|Am:|siZ-H
toto387,5#KO(>VM<M
the_flo129,KDAL@N=cSn
sample337,Z-p^HARuw&
user747,;`1A77@v[1
user265,uTDvgn2L|z
user176,RYKDdBvUb|
demo245,"y:7+`2/eN"""
sample127,m<HYjmM<%:
toto521,@5;6HZeL5\
toto423,"""4;J)*=|^O"
test86,&[fIOOLEh~
the_flo568,Y^s._@r8wX
user158,M+S4wg\]p8
demo662,dQo@<(Cy2Q
sample123,nU@dme:NQh
toto833,Hy:+nDutQO
demo297,b_\]!iLU.J
demo370,EXTp(fszi
user969,cLiYUzqteC
sample702,xcEarGIv\n
toto430,x._~$Uu6fP
test863,B~EW/d>@SL
the_flo615,bZ:GT\[bM<
test798,v3GttprsvI
max99,g:aSal|V<t
user62,1k$gCbtLks
max541,Wb8:=qXt:8
max323,h/CuDAC(wV
toto333,ou|y^rTbIc
user550,j78p.(%WZH
test249,zYYU%%gD0H
toto463,'&k68R.|8E
user489,1@.u)OQ]Zi
toto921,!9]XiPZB<H
sample146,lx>]$]L!.j
max40,yL[T-Nh2bj
the_flo659,x[FY]Cx4[1
the_flo515,fl<7H)(N`B
sample945,}EEfIXoe`_
toto716,"-;9s""={:u"
test954,8:~.):J7r5
the_flo166,*zM19>=0s2
max13,5=Uf~79$>
sample809,98tmewgH4@
demo549,:Z'AE$9rvu
sample59,JoqR2#\2[|
toto863,/.^ZN;ful8
max631,#&%-mY*N55
toto659,l!JQ/lC'xs
max599,M.)N56#uyW
test769,h=fEU-1XQ~
max861,~1]M8<|BU-
user781,9(5-G@J$nC
toto462,"::""b3fdHcz"
test5,lNscU2gxRe
test997,fn-bCK_q<k
the_flo475,Q1?Z3<N=B'
test250,"q""XH%vSCT>"
toto83,3gP_jsHU&D
demo901,LW$/jXJ$wx
demo247,3--mIj]xE|
user545,&b#>h87iq3
user225,wE+YCQ}'Q/
demo275,b\>.=NEH$}
demo494,Qg]p)t7w$X
sample380,4Re_0?NSh$
sample712,-SI7g#L(<Z
test163,qL0url.K99
demo251,?Syr_).@+W
demo525,C!0BV22[P9
test573,"jx=E^=""q6~"
user32,>Na(=C<3qY
the_flo75,El*`dGEq48
test751,5NFOG]Q%DH
sample870,Yu.q:=04Pg
the_flo285,R'subr-Ll5
test367,Lb_^;im2R|
demo766,UPAcIbXKc5
test967,-8x^j!Y_s3
demo219,gl@SKc!$qy
demo953,H=]Nq[5Djd
toto83,x5*T@EwTod
max198,/qlCWKM7No
sample68,"@#SE0/K0l"""
max973,$ap:%(+blc
user435,x7Ag>]Gb--
user992,^g$j?1QOw`
test210,:b}sugYYmy
demo433,8$ZRNmr9:U
toto157,O:xS#q|_u-
demo68,I_&q%KT'NA
test779,T?JPC:'[C2
user691,I5E9BEw%4|
test409,)v^hBltX2O
test232,dbFv`gsr*7
toto240,"\B3`u5GK"""
test818,d3f:GZ*68\
toto946,{5:/eTHo;q
toto723,oBH^-\(wyy
demo326,(xdJA@'8Y#
sample2,3]Nt(lU2Wl
demo558,"LCIb""iRAi"
user56,g!*8uKr~9
sample477,6Y>_Eg/hi:
user706,iFO`XRU?Uj
max933,>C)}@:jTy#
sample2,"a`re""rjJ""]"
user997,=%S#CsjapM
sample906,"""=_V-`kr;"
toto392,lA4eQ?b~;w
sample228,Hj.$+hPEX-
max78,;m<HfPVTxj
user224,kpJ;mNoi2`
max237,/4c5.c~9<
user340,HO;_miPha_
sample550,l%LB?zDe
sample955,J:@n0&euiN
max633,Y!{=F:i/Ez
toto241,*}R!2uGUf
test450,T$t[&sD.Lb
toto688,?i!uF=@&z
demo921,3@kWx\[/[
toto927,"TCSoDp['q"""
user990,e*<HL*Qg`Q
test76,:I!V(6+aL9
max902,R?&lwi5NVF
demo778,]Bxd4@Bb_=
demo161,Upe~)70LMZ
test465,r@5jbFr$`N
user55,LL9?X~wS`o
toto29,"n:j""Lcu8J."
test458,f6|I$NwL+Z
toto893,"LZ""[-VC!$["
toto54,gJ\&$y`IEU
max77,VboZl(Q{DR
toto80,wTo+jm-]Q#
demo850,":uK0TT\aO"""
user826,T=<WvAJ.0?
demo317,mLd}*[?ct^
user457,"xH@""A/;g*L"
user484,"sJ+""i;.EH="
the_flo992,"35mI.SL($"""
max565,_P'=ki%FeX
user855,n_fiB@0)L~
max606,!V7MIQH+`n
the_flo643,Q[_\'gyfg6
user222,T*H[C%i5
demo177,0O]V6`@irZ
toto948,7oWEgweDX
user471,IZLRt.M41T
the_flo773,i~VXg8$qHH
max841,QLSnYlI<4
demo666,}v}0S<{s1}
demo553,]V>{~nWG.<
the_flo922,]Wcrh}K.S`
sample172,3v/i5:V9g$
toto752,GI?tX_TAR3
test108,"""|T[9fe~Y"""
the_flo102,K'&'(C+J9{
max402,@T8ijJA_Xc
toto915,;VU!(+DUJ
sample802,d]==~sAms
test67,)/+Vxx.!)F
toto763,)czy0xUl6l
the_flo996,eVrW~<.tA)
max250,?krlw+'+rg
max475,<5kmYB26{%
the_flo766,+A*~d;vuv5
the_flo85,y(!!^gSR;u
demo978,$fS/2%*@Up
demo729,-/^rg&s-7H
max874,%V)5AO9+aA
toto283,vocYN/0JUH
sample248,@A/Ut_i&tj
test987,fMFCUp8l%6
toto475,5Y+Jn2hUmJ
the_flo662,7|&$<f@E!y
sample133,KYyV^!7(K!
test659,d:DyUp?x&s
toto113,*)6QIW[HNi
test324,wH0w.(oJRY
test631,BAi4TT?;o
sample75,3W-I=&QDz*
the_flo292,T4drIC$bRc
max396,.!fo.MZzX
test669,^IB<+_FMo;
toto679,"xHF94++gt"""
user747,-z@DF[g]Rg
sample94,=k5oug!H8O
test213,A;Ff1+9fTX
toto721,kZf+~1.h{
user454,^}b\mb<J$L
demo777,L9-d|g.6j7
user578,m[)oqNxgck
sample299,q:~6*M#Tb(
test822,7%|}y\@{?+
the_flo129,w_-EPPj}Me
toto958,`{_\Pj2maz
the_flo408,*`7435]Toe
toto109,QNN:j;@ABQ
test980,6c0&i\1T<+
max202,kmt|*dT9wW
user269,C^91R|TCK3
toto363,k*ESRa(e2M
test722,7E|NlhC/{l
toto273,Q_K#$~&;fN
sample287,T=XV!!K?]
max923,}<7lH5A9GQ
sample861,5gov3~mnYf
the_flo179,z;5Z{FXHdU
sample815,"Nt!0Bq![""@"
toto251,gq_T{4;4zq
max56,iRTsM3Y1ha
demo46,h65@}A&u2d
sample921,N?T%-CAmK4
test574,\0NDwD-z:l
sample825,T&!%Vbk3S
max536,=F3h7O(MF\
test149,poK.({$az
max450,N!.O-0iPI<
test395,5:zp.*4Jvm
sample923,Jzo3Wj>soM
the_flo966,m~D~]wS?@n
demo186,c^Eqqc~''
toto941,:0=QbxF6H
max542,`$(h~]He#A
user235,+XmrR=(IT7
toto864,Z53SA%@LFg
toto905,3EZ`~]u^:f
toto194,7g[JdHN-.L
sample14,@E|tMoo~!1
test804,nP8Lt)UG+P
max855,ach/PZ;G\s
toto51,ePRR.bh>vV
test523,OeRv@:|f!J
sample137,zqt%}iJ(\t
user699,^^!M;/2TPb
max75,3ie|F^'5DS
max7,;J|?J{4Yhu
sample108,R]xn'iri@}
sample353,|-Li?)z!Rk
toto282,m`TNdBKV9D
the_flo723,yru{woz%l0
demo376,W|r48(k*wr
sample47,8F!j0l}EKG
sample495,QMBA0RGa9]
demo659,t`O{#BqX58
demo973,6`f8Zv{!Rh
demo472,?2qc[+0e}t
user40,$v=C4lg<&c
test247,&([>Us('Z:
toto985,\ENPr'$_G%
user923,.g\HQ<xxB\
max223,6)5i])*_d\
sample588,!HV-C1HQbu
the_flo907,Tg0o`WuVDr
demo240,LAKq~*J\tT
the_flo851,j#=zFR(d^5
demo995,F@a$&iG|bb
toto319,"75B+""io]OY"
max281,!\^=Q&P2W<
user349,@37hM2UCY
user34,y)ZvUO\}Pn
demo344,"re*}xg""Bg"
test279,<I9+@q]_k'
user423,4xQIBh=9&q
toto449,nZPvpusLpl
user160,RsA\;lSN+P
the_flo712,"x{0oyF""=x("
test421,l&f#9Lnt;v
the_flo635,Jj+^_C`rf
toto754,[(FO]Ds\gW
max495,fqQ1BJDB1G
toto322,|}6h\;baHQ
the_flo499,Rl.$~f{@IK
the_flo267,y+sBKaWx;(
user463,PbBU]9C5-c
test290,Ffq+=%plOL
demo913,">_+PZF;$""U"
amine,S43\&wmn4:
katab,{@jS1zm'3
sample163,\We!-^.W2|
demo372,#JA'uXJTq=
user957,.WAfe]-7ke
je_suis_le_roi,RYlI>Hz!&[
max859,57patS^+(6
demo483,JUT*W7:>Y
max210,BnBk>{n$T
test329,qN-H/TbC}.
user787,DBToVy7}zu
the_flo728,GwBXK1!76N
toto37,<.-'Myd#u&
toto991,Bj`:X7.zVc
demo146,{Y+Y>QadQ}
max189,-pBu1<|@-V
sample355,W.d6d:.fub
toto582,!Qk]$xK*ig
user491,~&Q1c6-$ZY
toto577,Zn4BMRnUOH
test842,KX|AvqB:VN
sample654,e2!*A<AT~;
sample975,\c'6kPQIww
toto270,ijST|Rx-j/
sample909,"'aw~-PX""h*"
the_flo639,(q&?7_ek2=
user754,[}dg_~xBNw
sample171,AP/%!I9n&1
max531,&=:y|4r<yP
the_flo239,N~1rOh>J~3
max677,<K1fG0E;)R
toto154,+_>W.Uw'UA
sample651,]8$d3?Y[<v
user184,K!n`MFZrC%
toto105,"""TQ(HdH$f#"
test177,AQQ\aA<m7g
demo613,KaS&vW-46E
max340,|6zIiVb_Rg
the_flo173,pD+qc/&/Si
max256,]?LXqD[t9<
demo159,t08oPL}X/f
sample637,o@c(Flq!qN
test628,bsp#6*Mqy
max583,ZcX3fZE\#t
max632,-.C<}[ZMl]
demo150,d}JIWTwf<z
the_flo740,u2k:Nb&h&9
toto8,RlQHi~=%r
user351,rn0H5~zYxf
test902,[70-UM%R-(
demo149,rF1K0as#mH
max87,:bGMC_0n~M
test162,6wGR~.7KJ
toto639,BA?D``+1x2
test156,!_1(&'2iea
max777,3l0VW/!d\A
user115,8>3f.pM(Di
sample995,PcD7:jlXYQ
sample947,A9k51-4Me|
demo445,'yIf)P|+%]
max136,hRj)_r_ADT
toto796,Rxsf^3:me#
toto917,BKs+5@oZ*X
demo499,lU(MJ0[&9(
test591,I=yLVXVimt
the_flo774,@lTId;%a5/
toto93,{!4yY0]}U
max37,u^zlgzE+`v
the_flo325,].oOBtDAD|
test898,`oun/.)h_5
sample1,f^NA~XXv@'
sample500,?ALid`g8t]
sample303,&+\doZ+f.-
the_flo375,GI+8dY4v}&
demo381,"Lt431+r""M/"
the_flo839,w<k/`S:C'C
test974,tjd?O%fdTw
demo88,L8{~ODDLR-
max107,%ly\s'3ujN
toto293,a$_o}RA`W]
max19,M:BHo/`-{c
test271,J9/Q~=5eI5
toto553,P/BLGasUwa
toto575,2?#2}n7MYa
the_flo722,akzl#XA!>l
user903,Nj0hq5RsR@
demo485,"r""`?Dtps7\"
max821,ZZGIW@csH}
the_flo529,\uu6ZU<0`Y
test399,Gjc(Ykyjs)
test812,SCF-9W#wD0
toto166,)%{[=^9#s<
user834,ka%F6$!1G!
sample770,?Sb$D;om_K
demo28,?yQ*{>zBS]
the_flo829,-X5iz/aG6n
the_flo894,^!s9_~//fR
user985,lr.|N1d-/;
the_flo716,dfe6kw*$q~
test690,"tx&6C""`>SF"
the_flo94,G~Y33n~1w?
the_flo316,z\ga7Ym5;~
toto744,vW#KjN7$v`
user322,"gJ%ZF.=F""\"
the_flo655,_zT}96HSgI
the_flo128,;a?ImCDXu
toto907,Ewq-:qx4bE
user715,>7{k\m-0-'
demo703,I<UAI7oJ+k
max953,|Ia7=.>W{M
sample911,:uuXROO4rP
test928,+$H~v+%h}U
demo516,\$R;@zqJvC
max546,~v|5(W_zlF
max709,"a%""$ePz%Hf"
toto904,Vev`s\ts1@
user146,w4}PN5hz%C
demo412,&)|Y8qVNl[
toto635,D3|ck7q+#+
user77,N1-kc#7rjx
test734,M~~f;O:Kw
user205,7R{xY^n|M_
sample854,'iaNGY#Hgw
sample382,kd+pg_h\@.
toto407,m;Nv$CoQ|*
user540,MeElMlwWS'
sample326,G#fiP)l[G.
the_flo211,0UC|*2F$Ls
the_flo872,7zfM*/yTX.
user370,D>pev%9*ll
sample912,"gg2""h<rqk^"
max201,"bQxpd+""LO9"
the_flo703,loW}6zw_p2
demo853,x%<wB~w6BU
test247,%@BO2HFr`7
sample564,'Sxy4k9p7(
demo250,Wc0S-Pn#fw
max269,n]noL.AA-N
user739,6U7GD$Sy;}
sample270,Hg7[x*XbwM
max82,v@42O]N*7k
demo34,"fFp|""gsngq"
max593,6%9-x\8ocf
the_flo667,;Ghs~ho3Th
sample732,BT/yi9c_I>
sample897,7:{E_)@jL%
max312,M<V|%2NdGZ
max491,x+s>^.D.ZY
max286,wU)8lF}n;
max307,Jy0eTDxjOU
user205,-GOId2Pn~Y
the_flo203,P#_*&nM[ab
sample756,"~4~a!)E""JL"
demo939,4Wh2R_A(nb
the_flo360,Q<1<R)pQQ-
sample739,f!UTNGi&u_
demo426,[z+OVOBPCD
demo41,MGh^e_hT\!
sample252,X)ujpo!?TU
the_flo844,p-fs-JM!uG
test386,"<Mv#t%f(6"""
demo423,F2@6GDzalk
sample457,0Z62=Xl9d
demo516,eu0V<;0i-g
test647,Bd[jsq:yQ@
toto798,f!~?qW}Zo@
user860,?-k\dbWq=!
demo723,yGq(rBr{UE
toto277,$Br;gk<}']
the_flo493,%*%`>fsh0A
toto148,-:G#TkRihx
sample470,K+$Zal@quR
demo799,Ak|F!)V=N
sample71,S+2</[kn{r
max949,<d%[s~IM('
toto609,;_{\Mb6$nO
sample136,t;*{CeJl}w
sample498,?hqSD_adgT
sample628,46B|-c7s(K
sample675,Ni$K~zg|yM
the_flo285,7t>:la6UEQ
demo956,+HD?i>9;0?
toto530,ieK'.LEtpR
sample83,%ynggg}*RU
test126,sHp2HKn&+
sample851,2%z~vFrWNi
test70,ArU4v[zm4K
demo168,Nw1bt4cB+u
demo665,agXAa\bv!D
max209,*T&&$bjWxg
user623,Wdx'`l6xnP
demo793,rXV!!b2Hk
max728,$yj3B||5b-
test177,.O93{xiNr{
test130,zan;yTU>~p
the_flo308,Kb8ED?l<E
max516,n<|;m]KTWw
max857,9d@<ybOhWK
test636,hf:anTq3gI
user626,{UbK<9j'~R
max427,Lvx81&6s+
sample284,NlHJxAmnFr
user589,mC0KM.=#k+
test737,X(;^oK]m|f
user823,qK0n#3@H8V
toto859,>8|UTH`j{E
max310,.ViX|:XK
the_flo758,js0v-&B!%:
test605,W|slg*FFuB
user597,"qn+e""8!\SW"
the_flo265,<.RQG@I7rH
demo157,V#d_!6zpbp
toto347,:%2uz\/A=
user743,^@;V?3mv~[
the_flo614,VP(]FHM0V?
toto959,"OC<!kx""0rl"
max872,1-Y&cg>D)
max858,Q#mMr(OLiH
max687,oq-qN`+?@0
user773,qfs&3H@Y%?
toto732,b|[|+[vUu[
the_flo38,s:Yx)\7W'r
max147,Qg<1YXr3.*
the_flo982,Pvf6jP1-\D
user480,v:>'?13>_'
sample307,#AtYDP=<#k
user218,(a=)+.L*vr
test152,CuIk=q]t!n
demo641,9n-YI{[u6{
user822,I.TFKC+a%;
test223,'q0=xuNsp.
the_flo185,|/CD?2[zkf
test79,mc4Hfc/;DP
the_flo781,-4*fJLL?a.
max104,"j46""utADGf"
sample453,3ASc]fz/'F
demo119,zk/HdWpRfq
max503,YO'sY>6yS_
test226,QDq9l9[c@J
max607,vat^QZIryn
toto406,[n~KS:M7/O
toto338,>&GIK_aYWK
demo259,MT+Hh_j}{F
toto155,"YHtMCWq""'4"
test440,keI&~^T3y
sample529,UF2'y$v2@b
user673,"&Q""2ZXwkRS"
the_flo401,xbbaUBw2FC
max265,VUl-BZE89h
user505,"I.On0""*G]i"
demo556,:WYgOdhUea
demo827,"`b.`$%H""ix"
max728,1F\UVSfkBi
test228,=rr*l66p2
demo429,hmokP`P>L
demo224,X5*l1cj4P|
demo220,"<""Wra6&{o@"
the_flo929,"jzgO""<U+}d"
max680,Fn]:y:mK{
test424,@k.i%<lWM$
demo674,"HP0]x}""YIn"
the_flo591,QpNQ{R^mQZ
demo228,J/Nf\89rT.
demo931,tp%OH;iyys
test216,":iTN5bbdK"""
max375,#{<O&J<Mpc
the_flo28,":hBGJ)})""/"
test959,f:FK?w.KqE
test647,OCp8Hzx3&r
demo861,y*<[QAT}M^
sample727,uIHXoVXq`B
the_flo98,"K""HGmFB%0C"
the_flo295,F'Y+S+$p&+
toto664,k<_g#C{M/t
toto519,-R)a52MLe#
sample371,v]F[y'B(n3
test210,"GsLjtVk&l"""
max677,h+zv-G3!}5
test844,jE{{q/?*Lq
max726,dU|1`{+Ex5
max306,'r0jIW|F2[
the_flo314,WU9o:g*X<L
max84,~r!dv'`jAW
user420,Oz/wodRC!h
max561,=y$U-Nf}x_
toto155,cd(|9`.kKS
max821,s+Og]`~_#
sample29,|$9C/;oO[s
user416,"3o7G}*3""rP"
test469,r`t~b9|Mk7
test227,JDVimx.mcN
max373,PiNYa|bpL%
test372,mv\<|D[%Yj
sample737,:s/(D<0Fmr
the_flo824,M*!mkpuC$c
user218,#xEdTnTRk5
max247,{ypav@vn;W
test721,jaI'ZF?]/1
test642,l9Sp\~zR|m
user94,7WCtaK[a*
test91,P_pDqFFX+<
sample590,Z?;R_0D;\m
sample43,*UDExH5pfs
test396,k'@0h.Sp7T
toto378,'^A(tC_H>D
demo233,H(^f`ZIMGY
max226,FG~W`tXw^
test511,[o=\7oy2d%
test67,U/Ha5oTI(O
sample590,s#X}S.W6_S
demo517,Q]1%$(kW_j
max887,|8I5ZOy).{
toto614,bf(GF=<GG9
sample435,kIA[~cAg$a
test831,~*u1Fg`2P~
user24,~h!@()B^[3
demo32,kNIoo:&Jm$
sample502,u]e>57w$.>
toto723,$S8Ga3wU2A
user7,P;%OG#.#8K
user186,v!nW;jrT9x
sample183,<;G3r<_2YJ
test103,C5ZLHt]q~V
the_flo487,FVG!%'h@H)
the_flo28,j.&e~)Tc]|
test190,?!H=mdh]j@
toto137,omis[b=eh|
demo975,Y:S\;Q`KZc
sample817,"qzhg>C""}&e"
user527,x%`Ci`BX7<
demo689,H]%f[W~a{t
toto677,i-^;?qGmDV
max147,@70\HNwFn4
sample422,fKm#BxOM>_
sample239,"mHjNl~M""A}"
user16,aGT(\{LiKf
sample726,>HiP66Mo_3
the_flo142,JlxIo&__(e
test677,We8]=aS5^P
test885,"-xj""w+FTvA"
sample833,9KyfoGHc=^
toto332,aIYcL%^pOJ
toto657,$'9p-.Cv#x
demo437,4xTbfoF#Pz
max978,m#7[K^ZOIc
user552,1LD@}iru:{
user701,Q)#]CC7~2
user547,BNqO1d}te
user873,r~5+n6}d}%
test661,"W#xX\MmV\"""
the_flo587,;S1IQ4`Qxv
user228,"~k2P=`Bn""="
user829,"*1W1v0!<""I"
max133,9Hge+@HuD]
toto822,}~hXUISzE/
demo693,Cm{hb(Ul\0
the_flo932,~Fjk-o?J
demo205,15uy}U/tr*
the_flo31,zII.NWUX|n
toto3,'3iz0d@0Z?
demo120,he1qI]jBL
demo991,#[{*f70!TQ
test434,7B.H+V{}oD
toto430,"_K2#S""2lv0"
sample192,R79sdwRuQE
toto133,Y@\pn:;D_v
sample510,/dm1p'~($j
demo712,0-.t19/&`D
demo722,YDV`0#}VeW
toto794,:xkh&Z?`);
toto963,([7*VN/CU)
sample81,"B>fs7""V8yx"
toto122,t]?PYC:EDi
demo716,t#/THb%J:L
demo640,"Q@=r@(3\n"""
the_flo931,nG-@8H?31}
test658,plW^#dv6nu
max619,JkUgW@TK_e
sample499,"o""+Nc(YBRt"
max997,"4htE+4""O"
sample593,"""$XU8a{vP0"
user439,PTgIoq9+[i
max490,m!E^~BU&6
demo768,`Pk$rKfvv~
max710,Nel.qx!|RC
test201,"t""XZu`%OfT"
demo388,255bu/0^?6
demo386,8DZ;^AO#On
user229,'(1i&MjD]:
the_flo968,uF7Kt0^38^
max750,xCUw=OI;z=
demo527,XrI?xuTDfT
test67,1ta14b(+H4
the_flo545,<=h#n5~/LE
user689,k}CkboA9+/
toto666,RsWck7JBvY
test417,YBHIQi'Fd*
demo319,iB}_Re>-b_
test917,\t{p@T6(5
max798,FUa:~ir2V[
max264,lrxV17&F4%
test85,0)aeCGyc\*
max935,A04*/vPr+@
the_flo477,F)6Q@n$.K[
sample151,"{RJ=a""X]Sx"
sample585,"""J9%l[-l0["
sample456,+5'HLqF3+a
the_flo439,rxx''mFKJ{
user565,+rC-=w{^jL
toto690,IyRR)Ig-Fa
user455,d'=a<WK6Y|
sample797,;^[*32b!a0
test554,Al!{z`?LYV
sample555,"aDY%!R)6b"""
