"username","password";
"sample851","2%z~vFrWNi";
"max555","}%]e<E$$E(";
"test160","A!g^yUwz[J";
"max606","!V7MIQH+`n";
"user475","h!=:.A+ZhQ";
"demo558",",LCIb"iRAi";
"user834","ka%F6$!1G!";
"test658","plW^#dv6nu";
"test928","+$H~v+%h}U";
"demo7","{1FiB^N+ah";
"max973","$ap:%(+blc";
"toto659","l!JQ/lC'xs";
"test959","f:FK?w.KqE";
"user545","&b#>h87iq3";
"max490","m!E^,~BU&6";
"sample355","W.d6d:.fub";
"sample477","6Y>_Eg/hi:";
"sample637","o@c(Flq!qN";
"sample94","f:PNH2O[Ee";
"demo34","fFp|"gsngq";
